Path;SteerAngle;Throttle;Brake;Speed;X_Position;Y_Position;Pitch;Yaw;Roll
/home/amin/Dropbox/Other/OnlineCourses/Robotics/Project1/IMG/robocam_2017_08_20_16_38_35_822.jpg;0;0;1;0;99.62648;85.53115;0.0002186319;232.9279;1.432029E-05
/home/amin/Dropbox/Other/OnlineCourses/Robotics/Project1/IMG/robocam_2017_08_20_16_38_35_829.jpg;0;0;0;0;99.62648;85.53115;0.0002214857;232.9279;1.319475E-05
/home/amin/Dropbox/Other/OnlineCourses/Robotics/Project1/IMG/robocam_2017_08_20_16_38_35_886.jpg;0;0;0;0;99.62648;85.53115;0.0002238838;232.9279;1.208528E-05
/home/amin/Dropbox/Other/OnlineCourses/Robotics/Project1/IMG/robocam_2017_08_20_16_38_35_951.jpg;0;0;0;0;99.62648;85.53115;0.0002266533;232.9279;1.087521E-05
/home/amin/Dropbox/Other/OnlineCourses/Robotics/Project1/IMG/robocam_2017_08_20_16_38_36_018.jpg;0;0;0;0;99.62648;85.53115;0.0002300492;232.9279;8.468181E-06
/home/amin/Dropbox/Other/OnlineCourses/Robotics/Project1/IMG/robocam_2017_08_20_16_38_36_084.jpg;0;0;0;0;99.62648;85.53115;0.0002326848;232.9279;6.650408E-06
/home/amin/Dropbox/Other/OnlineCourses/Robotics/Project1/IMG/robocam_2017_08_20_16_38_36_151.jpg;0;0;0;0;99.62648;85.53115;0.0002353204;232.9279;4.832641E-06
/home/amin/Dropbox/Other/OnlineCourses/Robotics/Project1/IMG/robocam_2017_08_20_16_38_36_222.jpg;0;0;0;0;99.62648;85.53115;0.0002381607;232.9279;1.732795E-06
/home/amin/Dropbox/Other/OnlineCourses/Robotics/Project1/IMG/robocam_2017_08_20_16_38_36_284.jpg;0;0;0;0;99.62648;85.53115;0.0002402401;232.9279;-4.403117E-07
/home/amin/Dropbox/Other/OnlineCourses/Robotics/Project1/IMG/robocam_2017_08_20_16_38_36_352.jpg;0;0;0;0;99.62648;85.53115;0.000241999;232.9279;-2.66461E-06
/home/amin/Dropbox/Other/OnlineCourses/Robotics/Project1/IMG/robocam_2017_08_20_16_38_36_418.jpg;0;0;0;0;99.62648;85.53115;0.0002442649;232.9279;-5.394239E-06
/home/amin/Dropbox/Other/OnlineCourses/Robotics/Project1/IMG/robocam_2017_08_20_16_38_36_484.jpg;0;0;0;0;99.62648;85.53115;0.0002464594;232.9279;-5.896602E-06
/home/amin/Dropbox/Other/OnlineCourses/Robotics/Project1/IMG/robocam_2017_08_20_16_38_36_551.jpg;0;0;0;0;99.62648;85.53115;0.0002490751;232.9279;-5.976356E-06
/home/amin/Dropbox/Other/OnlineCourses/Robotics/Project1/IMG/robocam_2017_08_20_16_38_36_618.jpg;0;0;0;0;99.62648;85.53115;0.0002520616;232.9279;-5.819231E-06
/home/amin/Dropbox/Other/OnlineCourses/Robotics/Project1/IMG/robocam_2017_08_20_16_38_36_684.jpg;0;0;0;0;99.62648;85.53115;0.0002539677;232.9279;-5.461514E-06
/home/amin/Dropbox/Other/OnlineCourses/Robotics/Project1/IMG/robocam_2017_08_20_16_38_36_751.jpg;0;0;0;0;99.62648;85.53115;0.0002552498;232.9279;-5.256766E-06
/home/amin/Dropbox/Other/OnlineCourses/Robotics/Project1/IMG/robocam_2017_08_20_16_38_36_818.jpg;0;0;0;0;99.62648;85.53115;0.0002562447;232.9279;-4.866904E-06
/home/amin/Dropbox/Other/OnlineCourses/Robotics/Project1/IMG/robocam_2017_08_20_16_38_36_884.jpg;0;0;0;0;99.62648;85.53115;0.0002565307;232.9279;-4.377055E-06
/home/amin/Dropbox/Other/OnlineCourses/Robotics/Project1/IMG/robocam_2017_08_20_16_38_36_951.jpg;0;0;0;0;99.62648;85.53115;0.0002563441;232.9279;-3.820531E-06
/home/amin/Dropbox/Other/OnlineCourses/Robotics/Project1/IMG/robocam_2017_08_20_16_38_37_018.jpg;0;0;0;0;99.62648;85.53115;0.0002556334;232.9279;-2.708089E-06
/home/amin/Dropbox/Other/OnlineCourses/Robotics/Project1/IMG/robocam_2017_08_20_16_38_37_084.jpg;0;0.1000528;0;0;99.62655;85.53125;-0.002520161;232.9264;-2.282062E-06
/home/amin/Dropbox/Other/OnlineCourses/Robotics/Project1/IMG/robocam_2017_08_20_16_38_37_151.jpg;0;0.2988567;0;0.01153954;99.62601;85.53052;0.01749915;232.8495;0.0001567508
/home/amin/Dropbox/Other/OnlineCourses/Robotics/Project1/IMG/robocam_2017_08_20_16_38_37_217.jpg;0;0.4998658;0;0.02905473;99.62358;85.52731;0.1021618;232.9286;0.0001482367
/home/amin/Dropbox/Other/OnlineCourses/Robotics/Project1/IMG/robocam_2017_08_20_16_38_37_285.jpg;0;0.6990745;0;0.03939774;99.62042;85.52312;0.2052924;233.0218;-0.0001520794
/home/amin/Dropbox/Other/OnlineCourses/Robotics/Project1/IMG/robocam_2017_08_20_16_38_37_351.jpg;0;0.9001014;0;0.08683525;99.61505;85.51599;0.3770015;233.0977;-0.0008742831
/home/amin/Dropbox/Other/OnlineCourses/Robotics/Project1/IMG/robocam_2017_08_20_16_38_37_418.jpg;0;1;0;0.1340276;99.60463;85.50219;0.6623309;232.983;-0.000259151
/home/amin/Dropbox/Other/OnlineCourses/Robotics/Project1/IMG/robocam_2017_08_20_16_38_37_485.jpg;0;1;0;0.2035369;99.59386;85.48791;0.9254739;233.0824;-0.001346817
/home/amin/Dropbox/Other/OnlineCourses/Robotics/Project1/IMG/robocam_2017_08_20_16_38_37_551.jpg;0;1;0;0.266692;99.58133;85.47114;1.194369;233.3437;-0.00200651
/home/amin/Dropbox/Other/OnlineCourses/Robotics/Project1/IMG/robocam_2017_08_20_16_38_37_617.jpg;0;1;0;0.3123512;99.56403;85.44822;1.334277;233.3809;-0.003971605
/home/amin/Dropbox/Other/OnlineCourses/Robotics/Project1/IMG/robocam_2017_08_20_16_38_37_684.jpg;0;1;0;0.3744645;99.55167;85.4315;1.159226;233.392;-0.000321645
/home/amin/Dropbox/Other/OnlineCourses/Robotics/Project1/IMG/robocam_2017_08_20_16_38_37_751.jpg;0;1;0;0.4463172;99.53693;85.4118;1.038776;233.3888;0.0001557592
/home/amin/Dropbox/Other/OnlineCourses/Robotics/Project1/IMG/robocam_2017_08_20_16_38_37_817.jpg;0;1;0;0.5018973;99.51275;85.37946;1.01688;233.2869;0.001240195
/home/amin/Dropbox/Other/OnlineCourses/Robotics/Project1/IMG/robocam_2017_08_20_16_38_37_884.jpg;0;1;0;0.5336447;99.49265;85.3527;1.038038;233.2053;-0.0002946269
/home/amin/Dropbox/Other/OnlineCourses/Robotics/Project1/IMG/robocam_2017_08_20_16_38_37_951.jpg;0;1;0;0.6109577;99.46931;85.32164;1.141983;233.1786;-0.0004104532
/home/amin/Dropbox/Other/OnlineCourses/Robotics/Project1/IMG/robocam_2017_08_20_16_38_38_018.jpg;0;1;0;0.6510524;99.43595;85.27738;1.264294;233.1963;-0.001557022
/home/amin/Dropbox/Other/OnlineCourses/Robotics/Project1/IMG/robocam_2017_08_20_16_38_38_084.jpg;0;1;0;0.6915911;99.41026;85.24334;1.243309;233.1868;-0.0005372835
/home/amin/Dropbox/Other/OnlineCourses/Robotics/Project1/IMG/robocam_2017_08_20_16_38_38_151.jpg;0;1;0;0.7812327;99.38243;85.2065;1.209514;233.2135;-0.001047093
/home/amin/Dropbox/Other/OnlineCourses/Robotics/Project1/IMG/robocam_2017_08_20_16_38_38_217.jpg;0;1;0;0.8255959;99.34263;85.1538;1.182863;233.0603;0.001428427
/home/amin/Dropbox/Other/OnlineCourses/Robotics/Project1/IMG/robocam_2017_08_20_16_38_38_284.jpg;0;1;0;0.8726041;99.31001;85.11083;1.215029;232.9723;-0.001043412
/home/amin/Dropbox/Other/OnlineCourses/Robotics/Project1/IMG/robocam_2017_08_20_16_38_38_351.jpg;0;1;0;0.9434639;99.27551;85.0654;1.244352;232.9827;-0.0006235352
/home/amin/Dropbox/Other/OnlineCourses/Robotics/Project1/IMG/robocam_2017_08_20_16_38_38_418.jpg;0;1;0;0.9936931;99.22691;85.00145;1.25275;232.9717;-0.000770368
/home/amin/Dropbox/Other/OnlineCourses/Robotics/Project1/IMG/robocam_2017_08_20_16_38_38_485.jpg;0;1;0;1.042261;99.18869;84.95116;1.231212;232.9768;-0.00106677
/home/amin/Dropbox/Other/OnlineCourses/Robotics/Project1/IMG/robocam_2017_08_20_16_38_38_551.jpg;0;1;0;1.097751;99.14875;84.89864;1.214613;232.9706;-0.0003284297
/home/amin/Dropbox/Other/OnlineCourses/Robotics/Project1/IMG/robocam_2017_08_20_16_38_38_619.jpg;0;1;0;1.150544;99.0926;84.8248;1.23019;232.914;-0.0005214823
/home/amin/Dropbox/Other/OnlineCourses/Robotics/Project1/IMG/robocam_2017_08_20_16_38_38_688.jpg;0;1;0;1.208913;99.04866;84.76708;1.227214;232.8961;-0.0009073159
/home/amin/Dropbox/Other/OnlineCourses/Robotics/Project1/IMG/robocam_2017_08_20_16_38_38_751.jpg;0;1;0;1.258662;99.00282;84.70695;1.229468;232.8595;-0.0008025452
/home/amin/Dropbox/Other/OnlineCourses/Robotics/Project1/IMG/robocam_2017_08_20_16_38_38_817.jpg;0;1;0;1.305851;98.9389;84.62321;1.238047;232.821;-0.0008442056
/home/amin/Dropbox/Other/OnlineCourses/Robotics/Project1/IMG/robocam_2017_08_20_16_38_38_884.jpg;0;1;0;1.352442;98.889;84.55791;1.239215;232.8041;-0.000745412
/home/amin/Dropbox/Other/OnlineCourses/Robotics/Project1/IMG/robocam_2017_08_20_16_38_38_955.jpg;-1.611181;1;0;1.417107;98.83717;84.49041;1.244082;232.7581;-0.0008369488
/home/amin/Dropbox/Other/OnlineCourses/Robotics/Project1/IMG/robocam_2017_08_20_16_38_39_018.jpg;-4.593777;1;0;1.462339;98.76366;84.39836;1.248328;232.3294;0.0009583749
/home/amin/Dropbox/Other/OnlineCourses/Robotics/Project1/IMG/robocam_2017_08_20_16_38_39_084.jpg;-7.494746;1;0;1.508405;98.70496;84.32831;1.244245;231.7035;0.002444103
/home/amin/Dropbox/Other/OnlineCourses/Robotics/Project1/IMG/robocam_2017_08_20_16_38_39_151.jpg;-10.4971;1;0;1.568921;98.64262;84.25766;1.246581;230.813;359.9924
/home/amin/Dropbox/Other/OnlineCourses/Robotics/Project1/IMG/robocam_2017_08_20_16_38_39_218.jpg;-13.49433;1;0;1.611647;98.55332;84.1641;1.232007;229.1467;359.9408
/home/amin/Dropbox/Other/OnlineCourses/Robotics/Project1/IMG/robocam_2017_08_20_16_38_39_285.jpg;-15;1;0;1.653533;98.48209;84.09507;1.176095;227.6139;359.8953
/home/amin/Dropbox/Other/OnlineCourses/Robotics/Project1/IMG/robocam_2017_08_20_16_38_39_351.jpg;-15;1;0;1.712378;98.40717;84.02663;1.100645;226.0154;359.841
/home/amin/Dropbox/Other/OnlineCourses/Robotics/Project1/IMG/robocam_2017_08_20_16_38_39_418.jpg;-12.01069;1;0;1.757334;98.30203;83.93445;1.018759;224.0795;359.7667
/home/amin/Dropbox/Other/OnlineCourses/Robotics/Project1/IMG/robocam_2017_08_20_16_38_39_484.jpg;-9.012977;1;0;1.803481;98.21995;83.86367;0.9766288;222.9178;359.7359
/home/amin/Dropbox/Other/OnlineCourses/Robotics/Project1/IMG/robocam_2017_08_20_16_38_39_552.jpg;-5.984387;1;0;1.86477;98.13531;83.79118;0.9533013;222.0237;359.7322
/home/amin/Dropbox/Other/OnlineCourses/Robotics/Project1/IMG/robocam_2017_08_20_16_38_39_618.jpg;-3.007629;1;0;1.910863;98.01865;83.69091;0.9769957;221.3103;359.7652
/home/amin/Dropbox/Other/OnlineCourses/Robotics/Project1/IMG/robocam_2017_08_20_16_38_39_685.jpg;-0.003479719;1;0;1.95435;97.92892;83.6123;1.040574;221.146;359.8265
/home/amin/Dropbox/Other/OnlineCourses/Robotics/Project1/IMG/robocam_2017_08_20_16_38_39_751.jpg;0;1;0;2.013168;97.83694;83.5312;1.143459;221.1366;359.8997
/home/amin/Dropbox/Other/OnlineCourses/Robotics/Project1/IMG/robocam_2017_08_20_16_38_39_818.jpg;-3.010994;1;0;2.056343;97.71017;83.42152;1.288261;220.8936;-0.002568
/home/amin/Dropbox/Other/OnlineCourses/Robotics/Project1/IMG/robocam_2017_08_20_16_38_39_884.jpg;-5.99949;1;0;2.099839;97.61108;83.34066;1.34468;220.3097;0.002044924
/home/amin/Dropbox/Other/OnlineCourses/Robotics/Project1/IMG/robocam_2017_08_20_16_38_39_951.jpg;-9.002791;1;0;2.159518;97.50927;83.26134;1.313734;219.3918;0.004066365
/home/amin/Dropbox/Other/OnlineCourses/Robotics/Project1/IMG/robocam_2017_08_20_16_38_40_018.jpg;-11.99398;1;0;2.201699;97.36689;83.15842;1.251271;217.6377;359.9613
/home/amin/Dropbox/Other/OnlineCourses/Robotics/Project1/IMG/robocam_2017_08_20_16_38_40_085.jpg;-15;1;0;2.241262;97.25473;83.08465;1.188907;215.9108;359.8566
/home/amin/Dropbox/Other/OnlineCourses/Robotics/Project1/IMG/robocam_2017_08_20_16_38_40_151.jpg;-15;1;0;2.292994;97.13926;83.01371;1.067213;213.9892;359.7498
/home/amin/Dropbox/Other/OnlineCourses/Robotics/Project1/IMG/robocam_2017_08_20_16_38_40_218.jpg;-11.98684;1;0;2.336219;96.97981;82.92208;0.8637509;211.644;359.605
/home/amin/Dropbox/Other/OnlineCourses/Robotics/Project1/IMG/robocam_2017_08_20_16_38_40_284.jpg;-8.998622;1;0;2.380504;96.85597;82.85415;0.7281765;210.2471;359.4968
/home/amin/Dropbox/Other/OnlineCourses/Robotics/Project1/IMG/robocam_2017_08_20_16_38_40_351.jpg;-5.99532;1;0;2.438429;96.72883;82.78596;0.6185701;209.1757;359.4093
/home/amin/Dropbox/Other/OnlineCourses/Robotics/Project1/IMG/robocam_2017_08_20_16_38_40_418.jpg;-2.997866;1;0;2.481585;96.5548;82.69321;0.5175145;208.3064;359.359
/home/amin/Dropbox/Other/OnlineCourses/Robotics/Project1/IMG/robocam_2017_08_20_16_38_40_485.jpg;0;1;0;2.524043;96.42104;82.6214;0.4922644;208.075;359.3733
/home/amin/Dropbox/Other/OnlineCourses/Robotics/Project1/IMG/robocam_2017_08_20_16_38_40_551.jpg;0;1;0;2.579859;96.28417;82.54778;0.5268579;208.0399;359.4094
/home/amin/Dropbox/Other/OnlineCourses/Robotics/Project1/IMG/robocam_2017_08_20_16_38_40_618.jpg;0;1;0;2.621064;96.09707;82.44724;0.6501492;208.0478;359.4849
/home/amin/Dropbox/Other/OnlineCourses/Robotics/Project1/IMG/robocam_2017_08_20_16_38_40_684.jpg;0;1;0;2.661673;95.95388;82.37;0.7721974;208.071;359.5769
/home/amin/Dropbox/Other/OnlineCourses/Robotics/Project1/IMG/robocam_2017_08_20_16_38_40_751.jpg;0;1;0;2.717763;95.80817;82.29141;0.9144127;208.0901;359.6891
/home/amin/Dropbox/Other/OnlineCourses/Robotics/Project1/IMG/robocam_2017_08_20_16_38_40_818.jpg;0;1;0;2.758982;95.61012;82.18449;1.1308;208.1239;359.8595
/home/amin/Dropbox/Other/OnlineCourses/Robotics/Project1/IMG/robocam_2017_08_20_16_38_40_885.jpg;0;1;0;2.800103;95.45885;82.10271;1.30793;208.1521;-0.004163604
/home/amin/Dropbox/Other/OnlineCourses/Robotics/Project1/IMG/robocam_2017_08_20_16_38_40_950.jpg;0;1;0;2.853819;95.30534;82.02222;1.42053;208.1266;-0.002224817
/home/amin/Dropbox/Other/OnlineCourses/Robotics/Project1/IMG/robocam_2017_08_20_16_38_41_017.jpg;0;1;0;2.900379;95.10042;81.91422;1.355581;208.1119;-0.0008170766
/home/amin/Dropbox/Other/OnlineCourses/Robotics/Project1/IMG/robocam_2017_08_20_16_38_41_084.jpg;0;1;0;2.944893;94.94381;81.83154;1.326542;208.0931;-0.0007663071
/home/amin/Dropbox/Other/OnlineCourses/Robotics/Project1/IMG/robocam_2017_08_20_16_38_41_151.jpg;-1.499666;1;0;2.998871;94.7845;81.74757;1.329563;208.0451;-0.0007616109
/home/amin/Dropbox/Other/OnlineCourses/Robotics/Project1/IMG/robocam_2017_08_20_16_38_41_218.jpg;-4.496531;1;0;3.038943;94.56705;81.63602;1.366116;207.5246;0.0005251133
/home/amin/Dropbox/Other/OnlineCourses/Robotics/Project1/IMG/robocam_2017_08_20_16_38_41_284.jpg;-7.499789;1;0;3.077514;94.40047;81.55432;1.365874;206.6896;-0.0007921534
/home/amin/Dropbox/Other/OnlineCourses/Robotics/Project1/IMG/robocam_2017_08_20_16_38_41_351.jpg;-10.51006;1;0;3.129991;94.23017;81.47606;1.339787;205.4561;359.9504
/home/amin/Dropbox/Other/OnlineCourses/Robotics/Project1/IMG/robocam_2017_08_20_16_38_41_418.jpg;-13.51013;1;0;3.165936;93.99804;81.37969;1.196118;203.1224;359.8167
/home/amin/Dropbox/Other/OnlineCourses/Robotics/Project1/IMG/robocam_2017_08_20_16_38_41_484.jpg;-10.5224;1;0;3.203266;93.82043;81.31252;1.017219;201.3187;359.6911
/home/amin/Dropbox/Other/OnlineCourses/Robotics/Project1/IMG/robocam_2017_08_20_16_38_41_551.jpg;-7.533049;1;0;3.25806;93.63933;81.24848;0.8287583;199.8363;359.5401
/home/amin/Dropbox/Other/OnlineCourses/Robotics/Project1/IMG/robocam_2017_08_20_16_38_41_618.jpg;-4.501938;1;0;3.298241;93.39295;81.16532;0.5908223;198.4867;359.3565
/home/amin/Dropbox/Other/OnlineCourses/Robotics/Project1/IMG/robocam_2017_08_20_16_38_41_684.jpg;-1.504848;1;0;3.337974;93.2047;81.1032;0.4352496;197.9415;359.2629
/home/amin/Dropbox/Other/OnlineCourses/Robotics/Project1/IMG/robocam_2017_08_20_16_38_41_752.jpg;0;1;0;3.390684;93.01331;81.04031;0.32521;197.7648;359.2105
/home/amin/Dropbox/Other/OnlineCourses/Robotics/Project1/IMG/robocam_2017_08_20_16_38_41_818.jpg;0;1;0;3.428874;92.75277;80.95556;0.2770753;197.7257;359.1742
/home/amin/Dropbox/Other/OnlineCourses/Robotics/Project1/IMG/robocam_2017_08_20_16_38_41_885.jpg;0;1;0;3.467013;92.55385;80.89095;0.2983764;197.7359;359.1876
/home/amin/Dropbox/Other/OnlineCourses/Robotics/Project1/IMG/robocam_2017_08_20_16_38_41_951.jpg;0;1;0;3.518193;92.3521;80.82549;0.3572297;197.749;359.2372
/home/amin/Dropbox/Other/OnlineCourses/Robotics/Project1/IMG/robocam_2017_08_20_16_38_42_018.jpg;-2.980707;1;0;3.555703;92.07849;80.73878;0.4778849;197.5068;359.3167
/home/amin/Dropbox/Other/OnlineCourses/Robotics/Project1/IMG/robocam_2017_08_20_16_38_42_085.jpg;-5.96578;1;0;3.593488;91.86967;80.67629;0.577803;196.9044;359.3522
/home/amin/Dropbox/Other/OnlineCourses/Robotics/Project1/IMG/robocam_2017_08_20_16_38_42_151.jpg;-8.958997;1;0;3.642358;91.65817;80.61733;0.6467559;195.891;359.3676
/home/amin/Dropbox/Other/OnlineCourses/Robotics/Project1/IMG/robocam_2017_08_20_16_38_42_218.jpg;-11.96531;1;0;3.677754;91.3727;80.54735;0.625017;193.8251;359.345
/home/amin/Dropbox/Other/OnlineCourses/Robotics/Project1/IMG/robocam_2017_08_20_16_38_42_287.jpg;-14.97046;1;0;3.712424;91.1557;80.50397;0.5284047;191.7784;359.2404
/home/amin/Dropbox/Other/OnlineCourses/Robotics/Project1/IMG/robocam_2017_08_20_16_38_42_353.jpg;-15;1;0;3.754791;90.93709;80.46857;0.3401507;189.472;359.0889
/home/amin/Dropbox/Other/OnlineCourses/Robotics/Project1/IMG/robocam_2017_08_20_16_38_42_418.jpg;-15;1;0;3.787136;90.64285;80.43434;359.9856;186.3616;358.8005
/home/amin/Dropbox/Other/OnlineCourses/Robotics/Project1/IMG/robocam_2017_08_20_16_38_42_484.jpg;-11.92479;1;0;3.817331;90.41652;80.41381;359.9026;184.4356;358.7237
/home/amin/Dropbox/Other/OnlineCourses/Robotics/Project1/IMG/robocam_2017_08_20_16_38_42_552.jpg;-9.008975;1;0;3.847113;90.18482;80.39802;0.02363886;182.9492;358.7542
/home/amin/Dropbox/Other/OnlineCourses/Robotics/Project1/IMG/robocam_2017_08_20_16_38_42_618.jpg;-5.981373;1;0;3.886785;89.87334;80.38462;0.06266946;181.1983;358.9555
/home/amin/Dropbox/Other/OnlineCourses/Robotics/Project1/IMG/robocam_2017_08_20_16_38_42_685.jpg;-3.006288;1;0;3.93025;89.63671;80.38167;0.08217054;180.3231;359.0349
/home/amin/Dropbox/Other/OnlineCourses/Robotics/Project1/IMG/robocam_2017_08_20_16_38_42_751.jpg;-0.004338026;1;0;3.979673;89.39693;80.38106;0.1467262;179.8874;359.0898
/home/amin/Dropbox/Other/OnlineCourses/Robotics/Project1/IMG/robocam_2017_08_20_16_38_42_818.jpg;0;1;0;4.01598;89.07262;80.38104;0.2952033;179.7294;359.1867
/home/amin/Dropbox/Other/OnlineCourses/Robotics/Project1/IMG/robocam_2017_08_20_16_38_42_886.jpg;0;1;0;4.051918;88.82639;80.38127;0.4311575;179.7115;359.2918
/home/amin/Dropbox/Other/OnlineCourses/Robotics/Project1/IMG/robocam_2017_08_20_16_38_42_952.jpg;0;1;0;4.100468;88.57751;80.38174;0.5924253;179.7176;359.4119
/home/amin/Dropbox/Other/OnlineCourses/Robotics/Project1/IMG/robocam_2017_08_20_16_38_43_023.jpg;3.257457;1;0;4.13704;88.24157;80.38038;0.8462583;180.0083;359.6252
/home/amin/Dropbox/Other/OnlineCourses/Robotics/Project1/IMG/robocam_2017_08_20_16_38_43_085.jpg;6.065547;1;0;4.172089;87.98673;80.37545;1.06228;180.6544;359.8561
/home/amin/Dropbox/Other/OnlineCourses/Robotics/Project1/IMG/robocam_2017_08_20_16_38_43_151.jpg;8.953964;1;0;4.217505;87.73012;80.36679;1.27067;181.6581;0.09448425
/home/amin/Dropbox/Other/OnlineCourses/Robotics/Project1/IMG/robocam_2017_08_20_16_38_43_218.jpg;11.94291;1;0;4.248069;87.38928;80.34866;1.335908;183.6398;0.3323493
/home/amin/Dropbox/Other/OnlineCourses/Robotics/Project1/IMG/robocam_2017_08_20_16_38_43_286.jpg;14.99224;1;0;4.273647;87.13679;80.32683;1.149497;185.7057;0.4819301
/home/amin/Dropbox/Other/OnlineCourses/Robotics/Project1/IMG/robocam_2017_08_20_16_38_43_351.jpg;15;1;0;4.302848;86.88737;80.29587;0.7784207;188.0576;0.6604412
/home/amin/Dropbox/Other/OnlineCourses/Robotics/Project1/IMG/robocam_2017_08_20_16_38_43_418.jpg;15;1;0;4.343708;86.55637;80.23699;0.1656783;191.3337;1.057875
/home/amin/Dropbox/Other/OnlineCourses/Robotics/Project1/IMG/robocam_2017_08_20_16_38_43_485.jpg;15;1;0;4.377036;86.30634;80.18143;359.8234;193.4915;1.405593
/home/amin/Dropbox/Other/OnlineCourses/Robotics/Project1/IMG/robocam_2017_08_20_16_38_43_551.jpg;11.99949;1;0;4.390871;86.05136;80.12157;359.7822;195.2863;1.47037
/home/amin/Dropbox/Other/OnlineCourses/Robotics/Project1/IMG/robocam_2017_08_20_16_38_43_617.jpg;-1.507412;1;0;4.399683;85.70527;80.03672;0.006599724;196.4448;1.185808
/home/amin/Dropbox/Other/OnlineCourses/Robotics/Project1/IMG/robocam_2017_08_20_16_38_43_684.jpg;-4.483302;1;0;4.459834;85.44197;79.96751;0.2231365;196.6483;0.8571654
/home/amin/Dropbox/Other/OnlineCourses/Robotics/Project1/IMG/robocam_2017_08_20_16_38_43_751.jpg;-7.485294;1;0;4.508773;85.17696;79.89539;0.4495132;196.1272;0.5769807
/home/amin/Dropbox/Other/OnlineCourses/Robotics/Project1/IMG/robocam_2017_08_20_16_38_43_818.jpg;-10.47726;1;0;4.540847;84.81847;79.80408;0.7960432;194.5816;0.1103211
/home/amin/Dropbox/Other/OnlineCourses/Robotics/Project1/IMG/robocam_2017_08_20_16_38_43_884.jpg;-13.49262;1;0;4.570939;84.54652;79.74258;1.023225;192.9122;359.6822
/home/amin/Dropbox/Other/OnlineCourses/Robotics/Project1/IMG/robocam_2017_08_20_16_38_43_951.jpg;-15;1;0;4.606501;84.27441;79.68758;1.111642;190.8499;359.2804
/home/amin/Dropbox/Other/OnlineCourses/Robotics/Project1/IMG/robocam_2017_08_20_16_38_44_018.jpg;-15;1;0;4.627509;83.91312;79.62711;0.9321659;187.7313;358.7969
/home/amin/Dropbox/Other/OnlineCourses/Robotics/Project1/IMG/robocam_2017_08_20_16_38_44_085.jpg;-15;1;0;4.645717;83.64343;79.59201;0.5902658;185.4849;358.4868
/home/amin/Dropbox/Other/OnlineCourses/Robotics/Project1/IMG/robocam_2017_08_20_16_38_44_151.jpg;-15;1;0;4.657225;83.37533;79.56425;0.08049957;183.593;358.3196
/home/amin/Dropbox/Other/OnlineCourses/Robotics/Project1/IMG/robocam_2017_08_20_16_38_44_218.jpg;-15;1;0;4.662203;83.01363;79.53749;359.5545;181.393;358.4157
/home/amin/Dropbox/Other/OnlineCourses/Robotics/Project1/IMG/robocam_2017_08_20_16_38_44_285.jpg;-15;1;0;4.663672;82.73649;79.52678;359.4503;179.7718;358.6204
/home/amin/Dropbox/Other/OnlineCourses/Robotics/Project1/IMG/robocam_2017_08_20_16_38_44_351.jpg;-15;1;0;4.66701;82.4529;79.52551;359.6349;177.9704;358.9408
/home/amin/Dropbox/Other/OnlineCourses/Robotics/Project1/IMG/robocam_2017_08_20_16_38_44_418.jpg;-15;1;0;4.757068;82.06375;79.55093;0.2209305;174.9331;358.981
/home/amin/Dropbox/Other/OnlineCourses/Robotics/Project1/IMG/robocam_2017_08_20_16_38_44_485.jpg;-15;1;0;4.790564;81.77384;79.58264;0.4825644;172.4576;358.929
/home/amin/Dropbox/Other/OnlineCourses/Robotics/Project1/IMG/robocam_2017_08_20_16_38_44_551.jpg;-15;1;0;4.817617;81.48799;79.62471;0.5268964;169.892;358.8324
/home/amin/Dropbox/Other/OnlineCourses/Robotics/Project1/IMG/robocam_2017_08_20_16_38_44_618.jpg;-15;1;0;4.834898;81.11339;79.6957;0.2771024;166.7354;358.7029
/home/amin/Dropbox/Other/OnlineCourses/Robotics/Project1/IMG/robocam_2017_08_20_16_38_44_686.jpg;-15;1;0;4.843438;80.83723;79.75741;359.8738;164.8339;358.7466
/home/amin/Dropbox/Other/OnlineCourses/Robotics/Project1/IMG/robocam_2017_08_20_16_38_44_751.jpg;-15;1;0;4.88692;80.55617;79.83197;359.7655;163.0558;358.8271
/home/amin/Dropbox/Other/OnlineCourses/Robotics/Project1/IMG/robocam_2017_08_20_16_38_44_818.jpg;-15;1;0;4.902667;80.17873;79.95079;359.9778;160.7852;358.8477
/home/amin/Dropbox/Other/OnlineCourses/Robotics/Project1/IMG/robocam_2017_08_20_16_38_44_885.jpg;-15;1;0;4.943925;79.8971;80.05346;0.1681456;158.7297;358.7864
/home/amin/Dropbox/Other/OnlineCourses/Robotics/Project1/IMG/robocam_2017_08_20_16_38_44_951.jpg;-15;1;0;4.973792;79.61987;80.16199;0.1712371;156.6453;358.8328
/home/amin/Dropbox/Other/OnlineCourses/Robotics/Project1/IMG/robocam_2017_08_20_16_38_45_018.jpg;-15;1;0;4.992912;79.25912;80.32327;359.957;153.601;358.8148
/home/amin/Dropbox/Other/OnlineCourses/Robotics/Project1/IMG/robocam_2017_08_20_16_38_45_084.jpg;-15;1;0;5.003017;78.99155;80.45857;359.9726;151.4785;358.7089
/home/amin/Dropbox/Other/OnlineCourses/Robotics/Project1/IMG/robocam_2017_08_20_16_38_45_151.jpg;-15;1;0;5.003036;78.72798;80.60198;0.001899806;149.539;358.6664
/home/amin/Dropbox/Other/OnlineCourses/Robotics/Project1/IMG/robocam_2017_08_20_16_38_45_218.jpg;-13.51082;1;0;5.00164;78.38207;80.80156;0.0001124847;147.2458;358.8778
/home/amin/Dropbox/Other/OnlineCourses/Robotics/Project1/IMG/robocam_2017_08_20_16_38_45_285.jpg;-10.51287;1;0;5.038768;78.12961;80.96571;0.03237772;145.3775;358.9036
/home/amin/Dropbox/Other/OnlineCourses/Robotics/Project1/IMG/robocam_2017_08_20_16_38_45_351.jpg;-7.503355;1;0;5.009679;77.88363;81.13689;0.008752887;143.8834;358.8501
/home/amin/Dropbox/Other/OnlineCourses/Robotics/Project1/IMG/robocam_2017_08_20_16_38_45_418.jpg;-4.502349;1;0;5.011528;77.55966;81.37234;0.01261493;142.5184;358.8658
/home/amin/Dropbox/Other/OnlineCourses/Robotics/Project1/IMG/robocam_2017_08_20_16_38_45_484.jpg;-1.494595;1;0;5.009098;77.31997;81.55309;-0.003394817;141.9239;358.907
/home/amin/Dropbox/Other/OnlineCourses/Robotics/Project1/IMG/robocam_2017_08_20_16_38_45_551.jpg;0;1;0;5.01121;77.08134;81.73672;0.0240432;141.6681;358.9678
/home/amin/Dropbox/Other/OnlineCourses/Robotics/Project1/IMG/robocam_2017_08_20_16_38_45_618.jpg;0;1;0;5.011153;76.76436;81.98457;0.1086254;141.5626;359.0475
/home/amin/Dropbox/Other/OnlineCourses/Robotics/Project1/IMG/robocam_2017_08_20_16_38_45_685.jpg;0;1;0;5.011542;76.52663;82.17212;0.2296259;141.542;359.11
/home/amin/Dropbox/Other/OnlineCourses/Robotics/Project1/IMG/robocam_2017_08_20_16_38_45_751.jpg;0;1;0;5.005653;76.28848;82.36024;0.3835133;141.5329;359.199
/home/amin/Dropbox/Other/OnlineCourses/Robotics/Project1/IMG/robocam_2017_08_20_16_38_45_818.jpg;0;1;0;5.017066;75.9709;82.61107;0.5975994;141.5412;359.3687
/home/amin/Dropbox/Other/OnlineCourses/Robotics/Project1/IMG/robocam_2017_08_20_16_38_45_885.jpg;0;1;0;5.006898;75.73264;82.79919;0.7655616;141.5567;359.5211
/home/amin/Dropbox/Other/OnlineCourses/Robotics/Project1/IMG/robocam_2017_08_20_16_38_45_951.jpg;0;1;0;5.008879;75.49397;82.98777;0.9601322;141.5776;359.6726
/home/amin/Dropbox/Other/OnlineCourses/Robotics/Project1/IMG/robocam_2017_08_20_16_38_46_018.jpg;3.009964;1;0;5.01394;75.17418;83.23773;1.236307;141.8383;359.914
/home/amin/Dropbox/Other/OnlineCourses/Robotics/Project1/IMG/robocam_2017_08_20_16_38_46_085.jpg;5.999629;1;0;5.001614;74.93349;83.42365;1.43095;142.3409;0.04538566
/home/amin/Dropbox/Other/OnlineCourses/Robotics/Project1/IMG/robocam_2017_08_20_16_38_46_151.jpg;8.996268;1;0;5.009308;74.69315;83.60646;1.50222;143.2138;0.1120221
/home/amin/Dropbox/Other/OnlineCourses/Robotics/Project1/IMG/robocam_2017_08_20_16_38_46_218.jpg;9.008564;1;0;4.990129;74.37207;83.84069;1.29305;145.0119;0.1596861
/home/amin/Dropbox/Other/OnlineCourses/Robotics/Project1/IMG/robocam_2017_08_20_16_38_46_286.jpg;6.012053;1;0;5.005842;74.1269;84.00976;1.130171;146.128;0.3182039
/home/amin/Dropbox/Other/OnlineCourses/Robotics/Project1/IMG/robocam_2017_08_20_16_38_46_358.jpg;2.742312;1;0;5.012459;73.79839;84.23057;0.8405134;147.1616;0.4899027
/home/amin/Dropbox/Other/OnlineCourses/Robotics/Project1/IMG/robocam_2017_08_20_16_38_46_425.jpg;0;1;0;5.011809;73.5499;84.39365;0.6431094;147.5122;0.6261816
/home/amin/Dropbox/Other/OnlineCourses/Robotics/Project1/IMG/robocam_2017_08_20_16_38_46_485.jpg;0;1;0;5.011183;73.30026;84.55588;0.4734737;147.6254;0.7356208
/home/amin/Dropbox/Other/OnlineCourses/Robotics/Project1/IMG/robocam_2017_08_20_16_38_46_551.jpg;0;1;0;5.011548;73.04939;84.71761;0.3467858;147.6523;0.8195189
/home/amin/Dropbox/Other/OnlineCourses/Robotics/Project1/IMG/robocam_2017_08_20_16_38_46_618.jpg;0;1;0;5.011137;72.71342;84.9332;0.2464738;147.6432;0.8761109
/home/amin/Dropbox/Other/OnlineCourses/Robotics/Project1/IMG/robocam_2017_08_20_16_38_46_686.jpg;0;1;0;5.011545;72.46043;85.0951;0.2281322;147.6262;0.8813856
/home/amin/Dropbox/Other/OnlineCourses/Robotics/Project1/IMG/robocam_2017_08_20_16_38_46_758.jpg;0;1;0;5.017118;72.12142;85.31148;0.2921911;147.6165;0.8518309
/home/amin/Dropbox/Other/OnlineCourses/Robotics/Project1/IMG/robocam_2017_08_20_16_38_46_819.jpg;0;1;0;5.005641;71.86698;85.474;0.3682082;147.6045;0.7824545
/home/amin/Dropbox/Other/OnlineCourses/Robotics/Project1/IMG/robocam_2017_08_20_16_38_46_884.jpg;0;1;0;5.017274;71.6116;85.6368;0.486564;147.5998;0.6978961
/home/amin/Dropbox/Other/OnlineCourses/Robotics/Project1/IMG/robocam_2017_08_20_16_38_46_951.jpg;0;1;0;5.015288;71.35613;85.79979;0.6235492;147.583;0.590218
/home/amin/Dropbox/Other/OnlineCourses/Robotics/Project1/IMG/robocam_2017_08_20_16_38_47_018.jpg;0;1;0;5.008431;71.01485;86.01766;0.8488046;147.5569;0.4292175
/home/amin/Dropbox/Other/OnlineCourses/Robotics/Project1/IMG/robocam_2017_08_20_16_38_47_084.jpg;0;1;0;5.014355;70.75847;86.18152;1.044418;147.5343;0.2996144
/home/amin/Dropbox/Other/OnlineCourses/Robotics/Project1/IMG/robocam_2017_08_20_16_38_47_151.jpg;0;1;0;5.026981;70.50272;86.34539;1.234517;147.4736;0.1594305
/home/amin/Dropbox/Other/OnlineCourses/Robotics/Project1/IMG/robocam_2017_08_20_16_38_47_218.jpg;0;1;0;5.015069;70.16118;86.56435;1.491153;147.4306;-0.004955006
/home/amin/Dropbox/Other/OnlineCourses/Robotics/Project1/IMG/robocam_2017_08_20_16_38_47_286.jpg;0;1;0;5.002703;69.90697;86.72532;1.50699;147.4147;359.9928
/home/amin/Dropbox/Other/OnlineCourses/Robotics/Project1/IMG/robocam_2017_08_20_16_38_47_351.jpg;-2.991146;1;0;4.923813;69.6562;86.88631;1.40789;147.2584;-0.002070333
/home/amin/Dropbox/Other/OnlineCourses/Robotics/Project1/IMG/robocam_2017_08_20_16_38_47_418.jpg;-5.984008;1;0;5.012019;69.32192;87.10573;1.343427;146.6296;-0.00201594
/home/amin/Dropbox/Other/OnlineCourses/Robotics/Project1/IMG/robocam_2017_08_20_16_38_47_490.jpg;-8.990904;1;0;5.011414;69.07341;87.27432;1.314834;145.7418;359.96
/home/amin/Dropbox/Other/OnlineCourses/Robotics/Project1/IMG/robocam_2017_08_20_16_38_47_556.jpg;-12.12728;1;0;5.009182;68.82912;87.44705;1.224534;144.4664;359.8593
/home/amin/Dropbox/Other/OnlineCourses/Robotics/Project1/IMG/robocam_2017_08_20_16_38_47_622.jpg;-15;1;0;5.013015;68.51234;87.68491;0.9836279;141.9807;359.5788
/home/amin/Dropbox/Other/OnlineCourses/Robotics/Project1/IMG/robocam_2017_08_20_16_38_47_685.jpg;-11.9634;1;0;5.013073;68.28289;87.86688;0.549732;140.0017;359.4507
/home/amin/Dropbox/Other/OnlineCourses/Robotics/Project1/IMG/robocam_2017_08_20_16_38_47_751.jpg;-9.179435;1;0;4.992323;68.05965;88.04052;359.5964;137.633;359.7069
/home/amin/Dropbox/Other/OnlineCourses/Robotics/Project1/IMG/robocam_2017_08_20_16_38_47_818.jpg;-6.175586;1;0;5.010674;67.77343;88.28941;358.5229;135.1343;359.5741
/home/amin/Dropbox/Other/OnlineCourses/Robotics/Project1/IMG/robocam_2017_08_20_16_38_47_885.jpg;-3.177552;1;0;4.950773;67.56927;88.48139;357.6938;134.0303;359.6733
/home/amin/Dropbox/Other/OnlineCourses/Robotics/Project1/IMG/robocam_2017_08_20_16_38_47_952.jpg;-0.1129246;1;0;4.897078;67.36385;88.68024;357.2639;132.8493;359.6768
/home/amin/Dropbox/Other/OnlineCourses/Robotics/Project1/IMG/robocam_2017_08_20_16_38_48_018.jpg;0;1;0;4.783651;67.09934;88.9377;356.5624;131.5509;0.4827595
/home/amin/Dropbox/Other/OnlineCourses/Robotics/Project1/IMG/robocam_2017_08_20_16_38_48_084.jpg;0;1;0;4.741258;66.9046;89.13344;356.071;130.4338;1.002403
/home/amin/Dropbox/Other/OnlineCourses/Robotics/Project1/IMG/robocam_2017_08_20_16_38_48_151.jpg;0;1;0;4.642033;66.70892;89.33946;356.356;129.5055;1.8837
/home/amin/Dropbox/Other/OnlineCourses/Robotics/Project1/IMG/robocam_2017_08_20_16_38_48_219.jpg;0;1;0;4.644775;66.45919;89.61311;356.3609;128.3666;2.993201
/home/amin/Dropbox/Other/OnlineCourses/Robotics/Project1/IMG/robocam_2017_08_20_16_38_48_284.jpg;0;1;0;4.533414;66.28114;89.81873;356.3532;128.3813;3.936189
/home/amin/Dropbox/Other/OnlineCourses/Robotics/Project1/IMG/robocam_2017_08_20_16_38_48_351.jpg;0;1;0;4.482612;66.10977;90.01715;355.9826;128.3314;5.044877
/home/amin/Dropbox/Other/OnlineCourses/Robotics/Project1/IMG/robocam_2017_08_20_16_38_48_420.jpg;0;1;0;4.425488;65.88254;90.28928;356.0464;128.7189;6.50506
/home/amin/Dropbox/Other/OnlineCourses/Robotics/Project1/IMG/robocam_2017_08_20_16_38_48_484.jpg;0;1;0;4.413822;65.71293;90.48855;356.0219;128.9692;7.717623
/home/amin/Dropbox/Other/OnlineCourses/Robotics/Project1/IMG/robocam_2017_08_20_16_38_48_556.jpg;1.511146;1;0;4.349393;65.53754;90.68935;356.388;129.1295;9.067162
/home/amin/Dropbox/Other/OnlineCourses/Robotics/Project1/IMG/robocam_2017_08_20_16_38_48_620.jpg;4.577222;1;0;4.312676;65.30912;90.9563;356.8538;129.2983;10.51887
/home/amin/Dropbox/Other/OnlineCourses/Robotics/Project1/IMG/robocam_2017_08_20_16_38_48_686.jpg;7.647214;1;0;4.266187;65.13691;91.15893;357.6028;129.9309;11.33437
/home/amin/Dropbox/Other/OnlineCourses/Robotics/Project1/IMG/robocam_2017_08_20_16_38_48_751.jpg;10.49827;1;0;4.206555;64.95756;91.35778;358.6824;130.8873;12.15796
/home/amin/Dropbox/Other/OnlineCourses/Robotics/Project1/IMG/robocam_2017_08_20_16_38_48_818.jpg;13.49487;1;0;4.268624;64.70765;91.62492;0.3679615;131.8703;12.99392
/home/amin/Dropbox/Other/OnlineCourses/Robotics/Project1/IMG/robocam_2017_08_20_16_38_48_884.jpg;15;1;0;4.2857;64.51833;91.81973;1.415514;132.8349;13.01257
/home/amin/Dropbox/Other/OnlineCourses/Robotics/Project1/IMG/robocam_2017_08_20_16_38_48_951.jpg;15;1;0;4.309642;64.33027;92.00984;2.223856;134.1519;12.67436
/home/amin/Dropbox/Other/OnlineCourses/Robotics/Project1/IMG/robocam_2017_08_20_16_38_49_018.jpg;13.48625;1;0;4.330544;64.08395;92.25415;2.721812;136.5746;11.56595
/home/amin/Dropbox/Other/OnlineCourses/Robotics/Project1/IMG/robocam_2017_08_20_16_38_49_085.jpg;10.49069;1;0;4.356839;63.90311;92.43203;2.626733;138.8365;10.24887
/home/amin/Dropbox/Other/OnlineCourses/Robotics/Project1/IMG/robocam_2017_08_20_16_38_49_151.jpg;-1.485128;1;0;4.395935;63.72776;92.60889;2.046571;141.0485;8.499085
/home/amin/Dropbox/Other/OnlineCourses/Robotics/Project1/IMG/robocam_2017_08_20_16_38_49_217.jpg;-4.48195;1;0;4.453214;63.48837;92.84021;0.7026189;142.9236;5.838562
/home/amin/Dropbox/Other/OnlineCourses/Robotics/Project1/IMG/robocam_2017_08_20_16_38_49_284.jpg;-7.486421;1;0;4.536595;63.28827;93.00179;359.7773;142.4126;4.155376
/home/amin/Dropbox/Other/OnlineCourses/Robotics/Project1/IMG/robocam_2017_08_20_16_38_49_351.jpg;-10.48954;1;0;4.572077;63.07893;93.16422;359.2816;141.6027;2.694844
/home/amin/Dropbox/Other/OnlineCourses/Robotics/Project1/IMG/robocam_2017_08_20_16_38_49_418.jpg;-13.4897;1;0;4.546993;62.79284;93.38722;359.2645;140.5434;0.9284386
/home/amin/Dropbox/Other/OnlineCourses/Robotics/Project1/IMG/robocam_2017_08_20_16_38_49_484.jpg;-15;1;0;4.563004;62.57952;93.5694;359.5702;139.7346;359.2775
/home/amin/Dropbox/Other/OnlineCourses/Robotics/Project1/IMG/robocam_2017_08_20_16_38_49_551.jpg;-15;1;0;4.635766;62.36158;93.75655;0.1823042;138.2523;358.0743
/home/amin/Dropbox/Other/OnlineCourses/Robotics/Project1/IMG/robocam_2017_08_20_16_38_49_618.jpg;-15;1;0;4.637432;62.08273;94.00549;0.50845;135.9604;356.8417
/home/amin/Dropbox/Other/OnlineCourses/Robotics/Project1/IMG/robocam_2017_08_20_16_38_49_684.jpg;-15;1;0;4.637827;61.88239;94.19552;0.529815;134.172;356.14
/home/amin/Dropbox/Other/OnlineCourses/Robotics/Project1/IMG/robocam_2017_08_20_16_38_49_753.jpg;-15;1;0;4.638427;61.69021;94.38918;0.367906;132.3926;355.6074
/home/amin/Dropbox/Other/OnlineCourses/Robotics/Project1/IMG/robocam_2017_08_20_16_38_49_818.jpg;-15;1;0;4.639781;61.44666;94.65329;359.8853;130.0917;355.1526
/home/amin/Dropbox/Other/OnlineCourses/Robotics/Project1/IMG/robocam_2017_08_20_16_38_49_885.jpg;-15;1;0;4.641833;61.26782;94.85952;359.7064;128.4813;355.113
/home/amin/Dropbox/Other/OnlineCourses/Robotics/Project1/IMG/robocam_2017_08_20_16_38_49_951.jpg;-15;1;0;4.643081;61.09335;95.07404;359.7256;126.8225;355.2028
/home/amin/Dropbox/Other/OnlineCourses/Robotics/Project1/IMG/robocam_2017_08_20_16_38_50_017.jpg;-15;1;0;4.647063;60.86764;95.37306;0.07168712;124.4648;355.6198
/home/amin/Dropbox/Other/OnlineCourses/Robotics/Project1/IMG/robocam_2017_08_20_16_38_50_084.jpg;-15;1;0;4.654464;60.70741;95.60023;0.1073578;122.6554;356.2073
/home/amin/Dropbox/Other/OnlineCourses/Robotics/Project1/IMG/robocam_2017_08_20_16_38_50_151.jpg;-13.48606;1;0;4.672038;60.5559;95.83051;359.9413;120.8955;356.9261
/home/amin/Dropbox/Other/OnlineCourses/Robotics/Project1/IMG/robocam_2017_08_20_16_38_50_217.jpg;0;1;0;4.686452;60.35788;96.14661;359.8824;119.2737;358.2491
/home/amin/Dropbox/Other/OnlineCourses/Robotics/Project1/IMG/robocam_2017_08_20_16_38_50_284.jpg;2.997851;1;0;4.702448;60.20715;96.3959;0.1531286;118.3925;359.4637
/home/amin/Dropbox/Other/OnlineCourses/Robotics/Project1/IMG/robocam_2017_08_20_16_38_50_351.jpg;5.993364;0.8002992;0;4.883661;60.06216;96.65711;0.4923658;118.0767;0.3295414
/home/amin/Dropbox/Other/OnlineCourses/Robotics/Project1/IMG/robocam_2017_08_20_16_38_50_417.jpg;9.002791;0.5996706;0;4.905622;59.87372;97.00437;0.6571593;118.7782;1.07459
/home/amin/Dropbox/Other/OnlineCourses/Robotics/Project1/IMG/robocam_2017_08_20_16_38_50_484.jpg;11.99578;0.4001379;0;4.914712;59.73198;97.26027;0.5510679;119.9442;1.418453
/home/amin/Dropbox/Other/OnlineCourses/Robotics/Project1/IMG/robocam_2017_08_20_16_38_50_551.jpg;15;0.1997919;0;4.912485;59.58961;97.51151;0.2487029;121.3865;1.519578
/home/amin/Dropbox/Other/OnlineCourses/Robotics/Project1/IMG/robocam_2017_08_20_16_38_50_617.jpg;15;0.0001661777;0;4.900656;59.39355;97.83887;359.7166;123.6167;1.361347
/home/amin/Dropbox/Other/OnlineCourses/Robotics/Project1/IMG/robocam_2017_08_20_16_38_50_684.jpg;15;0;0;4.878618;59.23535;98.08135;359.5929;125.1901;1.137281
/home/amin/Dropbox/Other/OnlineCourses/Robotics/Project1/IMG/robocam_2017_08_20_16_38_50_751.jpg;15;0;0;4.845954;59.06694;98.3184;359.6198;126.7078;0.996214
/home/amin/Dropbox/Other/OnlineCourses/Robotics/Project1/IMG/robocam_2017_08_20_16_38_50_817.jpg;15;0;0;4.82484;58.82781;98.62488;359.8666;128.7934;0.9583299
/home/amin/Dropbox/Other/OnlineCourses/Robotics/Project1/IMG/robocam_2017_08_20_16_38_50_884.jpg;15;0;0;4.786108;58.63984;98.84416;0.01949539;130.7148;1.123743
/home/amin/Dropbox/Other/OnlineCourses/Robotics/Project1/IMG/robocam_2017_08_20_16_38_50_950.jpg;15;0;0;4.762059;58.45043;99.05629;359.9853;132.7859;1.223773
/home/amin/Dropbox/Other/OnlineCourses/Robotics/Project1/IMG/robocam_2017_08_20_16_38_51_017.jpg;15;0;0;4.747361;58.19038;99.33037;359.9793;135.5102;1.199617
/home/amin/Dropbox/Other/OnlineCourses/Robotics/Project1/IMG/robocam_2017_08_20_16_38_51_084.jpg;15;0;0;4.708854;57.98727;99.52583;0.00107266;137.5301;1.219648
/home/amin/Dropbox/Other/OnlineCourses/Robotics/Project1/IMG/robocam_2017_08_20_16_38_51_151.jpg;15;0;0;4.675277;57.77938;99.71302;359.9854;139.5769;1.213947
/home/amin/Dropbox/Other/OnlineCourses/Robotics/Project1/IMG/robocam_2017_08_20_16_38_51_217.jpg;15;0;0;4.659262;57.49332;99.94957;-0.004152008;142.2686;1.201026
/home/amin/Dropbox/Other/OnlineCourses/Robotics/Project1/IMG/robocam_2017_08_20_16_38_51_284.jpg;15;0;0;4.62475;57.27251;100.1159;359.9942;144.3062;1.231338
/home/amin/Dropbox/Other/OnlineCourses/Robotics/Project1/IMG/robocam_2017_08_20_16_38_51_351.jpg;15;0;0;4.592404;57.04765;100.2741;359.9909;146.3702;1.225835
/home/amin/Dropbox/Other/OnlineCourses/Robotics/Project1/IMG/robocam_2017_08_20_16_38_51_418.jpg;15;0;0;4.577172;56.74122;100.4712;359.9904;149.1417;1.179192
/home/amin/Dropbox/Other/OnlineCourses/Robotics/Project1/IMG/robocam_2017_08_20_16_38_51_485.jpg;15;0;0;4.545457;56.50578;100.6067;0.0009874426;151.2152;1.219627
/home/amin/Dropbox/Other/OnlineCourses/Robotics/Project1/IMG/robocam_2017_08_20_16_38_51_551.jpg;15;0;0;4.5098;56.26704;100.7322;359.9896;153.3079;1.305341
/home/amin/Dropbox/Other/OnlineCourses/Robotics/Project1/IMG/robocam_2017_08_20_16_38_51_617.jpg;15;0;0;4.495499;55.94491;100.8882;359.9932;156.0794;1.276384
/home/amin/Dropbox/Other/OnlineCourses/Robotics/Project1/IMG/robocam_2017_08_20_16_38_51_684.jpg;15;0;0;4.468812;55.70696;100.9821;359.4847;158.1762;1.695591
/home/amin/Dropbox/Other/OnlineCourses/Robotics/Project1/IMG/robocam_2017_08_20_16_38_51_751.jpg;15;0;0;4.356276;55.48974;101.0322;357.383;160.1606;3.700433
/home/amin/Dropbox/Other/OnlineCourses/Robotics/Project1/IMG/robocam_2017_08_20_16_38_51_818.jpg;15;0;0;4.25898;55.23107;101.0626;353.1947;161.2229;7.412611
/home/amin/Dropbox/Other/OnlineCourses/Robotics/Project1/IMG/robocam_2017_08_20_16_38_51_885.jpg;15;0;0;4.125518;55.05798;101.0622;349.1465;160.5768;10.51834
/home/amin/Dropbox/Other/OnlineCourses/Robotics/Project1/IMG/robocam_2017_08_20_16_38_51_951.jpg;15;0;0;3.866064;54.89559;101.0524;344.4174;158.2206;13.26281
/home/amin/Dropbox/Other/OnlineCourses/Robotics/Project1/IMG/robocam_2017_08_20_16_38_52_023.jpg;15;0;0;3.623996;54.68795;101.0318;336.7918;151.7706;15.43807
/home/amin/Dropbox/Other/OnlineCourses/Robotics/Project1/IMG/robocam_2017_08_20_16_38_52_084.jpg;15;0;0;3.348443;54.53501;101.0072;329.9853;144.0839;15.24688
/home/amin/Dropbox/Other/OnlineCourses/Robotics/Project1/IMG/robocam_2017_08_20_16_38_52_151.jpg;15;0;0;3.009135;54.38717;100.9817;322.5978;133.0901;12.0087
/home/amin/Dropbox/Other/OnlineCourses/Robotics/Project1/IMG/robocam_2017_08_20_16_38_52_217.jpg;15;0;0;2.02511;54.26283;100.9275;315.8914;112.7375;359.0211
/home/amin/Dropbox/Other/OnlineCourses/Robotics/Project1/IMG/robocam_2017_08_20_16_38_52_286.jpg;15;0;0;1.694055;54.19222;100.8792;313.7685;97.84122;347.6281
/home/amin/Dropbox/Other/OnlineCourses/Robotics/Project1/IMG/robocam_2017_08_20_16_38_52_353.jpg;15;0;0;-1.292804;54.13762;100.8286;313.0211;87.02678;338.6543
/home/amin/Dropbox/Other/OnlineCourses/Robotics/Project1/IMG/robocam_2017_08_20_16_38_52_426.jpg;15;0;0;-1.044096;54.09815;100.7266;312.0236;80.85316;333.0597
/home/amin/Dropbox/Other/OnlineCourses/Robotics/Project1/IMG/robocam_2017_08_20_16_38_52_489.jpg;15;0;0;-0.9883348;54.08678;100.6379;310.6176;80.16918;331.8498
/home/amin/Dropbox/Other/OnlineCourses/Robotics/Project1/IMG/robocam_2017_08_20_16_38_52_554.jpg;15;0;0;-1.057054;54.08645;100.5342;308.8422;82.21798;333.0492
/home/amin/Dropbox/Other/OnlineCourses/Robotics/Project1/IMG/robocam_2017_08_20_16_38_52_618.jpg;15;0;0;-1.190464;54.09192;100.3658;306.7147;87.52942;337.5703
/home/amin/Dropbox/Other/OnlineCourses/Robotics/Project1/IMG/robocam_2017_08_20_16_38_52_684.jpg;15;0;0;-1.340689;54.10077;100.203;305.668;94.15555;344.0422
/home/amin/Dropbox/Other/OnlineCourses/Robotics/Project1/IMG/robocam_2017_08_20_16_38_52_751.jpg;15;0;0;-1.576721;54.10826;100.0169;305.3594;102.8272;352.8064
/home/amin/Dropbox/Other/OnlineCourses/Robotics/Project1/IMG/robocam_2017_08_20_16_38_52_818.jpg;15;0;0;-1.721339;54.14878;99.74032;307.2203;113.5596;2.550347
/home/amin/Dropbox/Other/OnlineCourses/Robotics/Project1/IMG/robocam_2017_08_20_16_38_52_885.jpg;15;0;0;-1.377786;54.19809;99.63384;311.0259;111.6091;359.7231
/home/amin/Dropbox/Other/OnlineCourses/Robotics/Project1/IMG/robocam_2017_08_20_16_38_52_951.jpg;15;0;0;-1.644292;54.22195;99.52767;315.1917;111.5442;359.9185
/home/amin/Dropbox/Other/OnlineCourses/Robotics/Project1/IMG/robocam_2017_08_20_16_38_53_018.jpg;15;0;0;-1.930446;54.26345;99.39133;321.7268;112.037;0.07401814
/home/amin/Dropbox/Other/OnlineCourses/Robotics/Project1/IMG/robocam_2017_08_20_16_38_53_085.jpg;15;0;0;-2.221317;54.29906;99.29916;327.3692;112.9905;0.1885591
/home/amin/Dropbox/Other/OnlineCourses/Robotics/Project1/IMG/robocam_2017_08_20_16_38_53_151.jpg;15;0;0;-2.608314;54.33649;99.21922;333.6859;114.4932;0.2409926
/home/amin/Dropbox/Other/OnlineCourses/Robotics/Project1/IMG/robocam_2017_08_20_16_38_53_218.jpg;15;0;0;-2.880277;54.37698;99.13004;343.1974;116.8305;0.1920453
/home/amin/Dropbox/Other/OnlineCourses/Robotics/Project1/IMG/robocam_2017_08_20_16_38_53_284.jpg;15;0;0;-3.092665;54.39671;99.07498;351.1487;119.0528;0.1365639
/home/amin/Dropbox/Other/OnlineCourses/Robotics/Project1/IMG/robocam_2017_08_20_16_38_53_351.jpg;15;0;0;-3.249471;54.4073;99.02925;359.7222;121.5281;0.004248301
/home/amin/Dropbox/Other/OnlineCourses/Robotics/Project1/IMG/robocam_2017_08_20_16_38_53_418.jpg;15;0;0;-3.09201;54.44542;98.95782;9.116891;120.2003;0.2280483
/home/amin/Dropbox/Other/OnlineCourses/Robotics/Project1/IMG/robocam_2017_08_20_16_38_53_485.jpg;15;0;0;-2.989998;54.48537;98.90058;15.35393;118.6056;0.5315121
/home/amin/Dropbox/Other/OnlineCourses/Robotics/Project1/IMG/robocam_2017_08_20_16_38_53_551.jpg;15;0;0;-2.751705;54.53342;98.8397;20.86901;117.4986;0.4923796
/home/amin/Dropbox/Other/OnlineCourses/Robotics/Project1/IMG/robocam_2017_08_20_16_38_53_617.jpg;15;0;0;-2.751955;54.60519;98.7514;27.2387;116.773;359.961
/home/amin/Dropbox/Other/OnlineCourses/Robotics/Project1/IMG/robocam_2017_08_20_16_38_53_684.jpg;15;0;0;-2.400612;54.6647;98.6908;31.40031;116.0211;359.2401
/home/amin/Dropbox/Other/OnlineCourses/Robotics/Project1/IMG/robocam_2017_08_20_16_38_53_750.jpg;15;0;0;-2.408673;54.70904;98.62411;34.66846;115.9648;358.9063
/home/amin/Dropbox/Other/OnlineCourses/Robotics/Project1/IMG/robocam_2017_08_20_16_38_53_817.jpg;15;0;0;-1.75923;54.74985;98.5397;37.98276;116.9696;358.6411
/home/amin/Dropbox/Other/OnlineCourses/Robotics/Project1/IMG/robocam_2017_08_20_16_38_53_884.jpg;15;0;0;-1.75923;54.78068;98.47479;40.45698;117.7652;358.3846
/home/amin/Dropbox/Other/OnlineCourses/Robotics/Project1/IMG/robocam_2017_08_20_16_38_53_950.jpg;15;0;0;-1.747345;54.80328;98.42094;42.14279;117.1855;359.4472
/home/amin/Dropbox/Other/OnlineCourses/Robotics/Project1/IMG/robocam_2017_08_20_16_38_54_017.jpg;15;0;0.2003217;-0.8850224;54.81489;98.36562;43.29617;116.4596;1.576917
/home/amin/Dropbox/Other/OnlineCourses/Robotics/Project1/IMG/robocam_2017_08_20_16_38_54_083.jpg;15;0;0.3998008;-0.8606544;54.83076;98.35041;43.40491;114.7737;3.107983
/home/amin/Dropbox/Other/OnlineCourses/Robotics/Project1/IMG/robocam_2017_08_20_16_38_54_150.jpg;15;0;0.6002455;0.135482;54.83881;98.34779;43.11568;114.514;3.390981
/home/amin/Dropbox/Other/OnlineCourses/Robotics/Project1/IMG/robocam_2017_08_20_16_38_54_217.jpg;15;0;0.7998683;0.1867079;54.85011;98.35609;41.94872;116.8873;1.401076
/home/amin/Dropbox/Other/OnlineCourses/Robotics/Project1/IMG/robocam_2017_08_20_16_38_54_283.jpg;15;0;0.9998488;0.3429317;54.86163;98.35982;40.15867;118.56;359.8683
/home/amin/Dropbox/Other/OnlineCourses/Robotics/Project1/IMG/robocam_2017_08_20_16_38_54_350.jpg;15;0;1;0.4121287;54.86928;98.35254;37.45143;118.6236;359.7958
/home/amin/Dropbox/Other/OnlineCourses/Robotics/Project1/IMG/robocam_2017_08_20_16_38_54_416.jpg;15;0;1;0.5758969;54.87774;98.33818;32.88789;118.5024;359.9867
/home/amin/Dropbox/Other/OnlineCourses/Robotics/Project1/IMG/robocam_2017_08_20_16_38_54_484.jpg;15;0;1;0.7268757;54.88525;98.32697;28.74078;118.4887;0.01587673
/home/amin/Dropbox/Other/OnlineCourses/Robotics/Project1/IMG/robocam_2017_08_20_16_38_54_550.jpg;15;0;1;0.9898641;54.89326;98.31607;23.89539;118.4973;359.9865
/home/amin/Dropbox/Other/OnlineCourses/Robotics/Project1/IMG/robocam_2017_08_20_16_38_54_621.jpg;15;0;1;1.241202;54.90177;98.3028;16.65132;118.4878;359.9879
